{"pca_extractor": {"NMI": {"10": 0.37962386415200994}, "ACC": {"10": 0.4085648148148148}, "MSELR": {"10": 0.0026396778412163258}, "MSE": {"10": 0.005292046815156937}, "CLASS": {"10": 0.4224537037037037}, "CLASSDT": {"10": 0.9583333333333334}}, "autoencoder": {"NMI": {"10": 0.3321203272374779}, "ACC": {"10": 0.37905092592592593}, "MSELR": {"10": 0.004073220305144787}, "MSE": {"10": 0.0038925567641854286}, "CLASS": {"10": 0.3576388888888889}, "CLASSDT": {"10": 0.9490740740740741}}, "AEFS": {"NMI": {"10": 0.24633195185525103}, "ACC": {"10": 0.31504629629629627}, "MSELR": {"10": 0.006788782309740782}, "MSE": {"10": 0.007202453911304474}, "CLASS": {"10": 0.32060185185185186}, "CLASSDT": {"10": 0.8564814814814815}}, "concrete_column_subset_selector_general": {"NMI": {"10": 0.3656586870994851}, "ACC": {"10": 0.37824074074074077}, "MSELR": {"10": 0.005467314273118973}, "MSE": {"10": 0.005837935488671064}, "CLASS": {"10": 0.37037037037037035}, "CLASSDT": {"10": 0.9490740740740741}}, "udfs_ours": {"NMI": {"10": 0.2270146409080222}, "ACC": {"10": 0.2935185185185185}, "MSELR": {"10": 0.005715112667530775}, "MSE": {"10": 0.007774490863084793}, "CLASS": {"10": 0.27546296296296297}, "CLASSDT": {"10": 0.9583333333333334}}, "mcfs_ours": {"NMI": {"10": 0.24260567177084197}, "ACC": {"10": 0.3121527777777778}, "MSELR": {"10": 0.7174201011657715}, "MSE": {"10": 1.1176636219024658}, "CLASS": {"10": 0.31712962962962965}, "CLASSDT": {"10": 0.14351851851851852}}, "pfa_transform": {"NMI": {"10": 0.24943421034053329}, "ACC": {"10": 0.32569444444444445}, "MSELR": {"10": 0.6610023379325867}, "MSE": {"10": 0.5675325989723206}, "CLASS": {"10": 0.32175925925925924}, "CLASSDT": {"10": 0.05092592592592592}}, "random_transform": {"NMI": {"10": 0.22480926941987878}, "ACC": {"10": 0.33958333333333335}, "MSELR": {"10": 1.067294716835022}, "MSE": {"10": 1.2716282606124878}, "CLASS": {"10": 0.33796296296296297}, "CLASSDT": {"10": 0.1111111111111111}}}