{"pca_extractor": {"NMI": {"10": 0.35793698040792077}, "ACC": {"10": 0.4008101851851852}, "MSELR": {"10": 0.0025519966147840023}, "MSE": {"10": 0.0028273144271224737}, "CLASS": {"10": 0.41435185185185186}, "CLASSDT": {"10": 0.9768518518518519}}, "autoencoder": {"NMI": {"10": 0.344397442803182}, "ACC": {"10": 0.38738425925925923}, "MSELR": {"10": 0.0036570406518876553}, "MSE": {"10": 0.0028086069505661726}, "CLASS": {"10": 0.3923611111111111}, "CLASSDT": {"10": 0.9907407407407407}}, "AEFS": {"NMI": {"10": 0.37001356761502996}, "ACC": {"10": 0.39456018518518515}, "MSELR": {"10": 0.0051393816247582436}, "MSE": {"10": 0.0067543452605605125}, "CLASS": {"10": 0.3912037037037037}, "CLASSDT": {"10": 0.9444444444444444}}, "concrete_column_subset_selector_general": {"NMI": {"10": 0.3602798708559617}, "ACC": {"10": 0.3885416666666667}, "MSELR": {"10": 0.0037160185165703297}, "MSE": {"10": 0.004225976765155792}, "CLASS": {"10": 0.3958333333333333}, "CLASSDT": {"10": 0.9722222222222222}}, "udfs_ours": {"NMI": {"10": 0.35265352607913675}, "ACC": {"10": 0.3546296296296296}, "MSELR": {"10": 0.0051062642596662045}, "MSE": {"10": 0.005626349244266748}, "CLASS": {"10": 0.3645833333333333}, "CLASSDT": {"10": 0.9629629629629629}}, "mcfs_ours": {"NMI": {"10": 0.2303008134381667}, "ACC": {"10": 0.30543981481481486}, "MSELR": {"10": 0.6651079654693604}, "MSE": {"10": 1.0314054489135742}, "CLASS": {"10": 0.29398148148148145}, "CLASSDT": {"10": 0.125}}, "pfa_transform": {"NMI": {"10": 0.1889398535245698}, "ACC": {"10": 0.25983796296296297}, "MSELR": {"10": 0.5296805500984192}, "MSE": {"10": 0.5109025239944458}, "CLASS": {"10": 0.2569444444444444}, "CLASSDT": {"10": 0.1388888888888889}}, "random_transform": {"NMI": {"10": 0.21740193991716739}, "ACC": {"10": 0.3306712962962962}, "MSELR": {"10": 1.1028236150741577}, "MSE": {"10": 0.8438801765441895}, "CLASS": {"10": 0.3275462962962963}, "CLASSDT": {"10": 0.09259259259259259}}}